﻿<parameters>
  <parameter name="IIS Web Application Name" defaultValue="Default Web Site/" tags="IisApp">
    <parameterEntry kind="ProviderPath" scope="IisApp" match="^C:\\Users\\capta\\Source\\Repos\\CARES\\CIS484-ResetBranch\\CIS484Solution1\\obj\\Debug\\Package\\PackageTmp$" />
    <parameterEntry kind="ProviderPath" scope="setAcl" match="^C:\\Users\\capta\\Source\\Repos\\CARES\\CIS484-ResetBranch\\CIS484Solution1\\obj\\Debug\\Package\\PackageTmp$" />
  </parameter>
  <parameter name="CARESconnection-Deployment-Deployment Connection String" defaultValue="" tags="SqlConnectionString">
    <parameterEntry kind="ProviderPath" scope="DbFullSql" match="^C:\\Users\\capta\\Source\\Repos\\CARES\\CIS484-ResetBranch\\CIS484Solution1\\obj\\Debug\\AutoScripts\\CARESconnection-Deployment_SchemaOnly\.sql$" />
  </parameter>
  <parameter name="CARESconnection-Web.config Connection String" description="CARESconnection Connection String used in web.config by the application to access the database." defaultValue="server=cares.c7jfmaawbroe.us-east-1.rds.amazonaws.com;database=CARES;uid=admin;password=J0njones;" tags="SqlConnectionString">
    <parameterEntry kind="XmlFile" scope="C:\\Users\\capta\\Source\\Repos\\CARES\\CIS484-ResetBranch\\CIS484Solution1\\obj\\Debug\\Package\\PackageTmp\\Web\.config$" match="/configuration/connectionStrings/add[@name='CARESconnection']/@connectionString" />
  </parameter>
</parameters>